<?xml version="1.0"?>
<Interface Version="1" Minor="1">
	<Ifc Id="ROOT" Top="1">
		<Bus Id="gpmc_csn">
			<Port Id="3" Dir="IN"/>
			<Port Id="2" Dir="IN"/>
			<Port Id="1" Dir="IN"/>
			<Port Id="0" Dir="IN"/>
		</Bus>
		<Bus Id="gpmc_addr">
			<Port Id="11" Dir="IN"/>
			<Port Id="10" Dir="IN"/>
			<Port Id="9" Dir="IN"/>
			<Port Id="8" Dir="IN"/>
			<Port Id="7" Dir="IN"/>
			<Port Id="6" Dir="IN"/>
			<Port Id="5" Dir="IN"/>
			<Port Id="4" Dir="IN"/>
			<Port Id="3" Dir="IN"/>
			<Port Id="2" Dir="IN"/>
			<Port Id="1" Dir="IN"/>
			<Port Id="0" Dir="IN"/>
		</Bus>
		<Bus Id="gpmc_data">
			<Port Id="15" Dir="INOUT"/>
			<Port Id="14" Dir="INOUT"/>
			<Port Id="13" Dir="INOUT"/>
			<Port Id="12" Dir="INOUT"/>
			<Port Id="11" Dir="INOUT"/>
			<Port Id="10" Dir="INOUT"/>
			<Port Id="9" Dir="INOUT"/>
			<Port Id="8" Dir="INOUT"/>
			<Port Id="7" Dir="INOUT"/>
			<Port Id="6" Dir="INOUT"/>
			<Port Id="5" Dir="INOUT"/>
			<Port Id="4" Dir="INOUT"/>
			<Port Id="3" Dir="INOUT"/>
			<Port Id="2" Dir="INOUT"/>
			<Port Id="1" Dir="INOUT"/>
			<Port Id="0" Dir="INOUT"/>
		</Bus>
		<Bus Id="fpga_led">
			<Port Id="2" Dir="OUT"/>
			<Port Id="1" Dir="OUT"/>
			<Port Id="0" Dir="OUT"/>
		</Bus>
		<Port Id="sys_clk" Dir="IN"/>
		<Port Id="gpmc_clk" Dir="IN"/>
		<Port Id="gpmc_oen_ren" Dir="IN"/>
		<Port Id="gpmc_wen" Dir="IN"/>
		<Port Id="gpmc_advn_ale" Dir="IN"/>
		<Port Id="spw_do_p" Dir="IN"/>
		<Port Id="spw_do_n" Dir="IN"/>
		<Port Id="spw_di_p" Dir="IN"/>
		<Port Id="spw_di_n" Dir="IN"/>
		<Port Id="spw_so_p" Dir="IN"/>
		<Port Id="spw_so_n" Dir="IN"/>
		<Port Id="spw_si_p" Dir="IN"/>
		<Port Id="spw_si_n" Dir="IN"/>
		<DiffPair Pos="spw_do_p" Neg="spw_do_n"/>
		<DiffPair Pos="spw_di_p" Neg="spw_di_n"/>
		<DiffPair Pos="spw_so_p" Neg="spw_so_n"/>
		<DiffPair Pos="spw_si_p" Neg="spw_si_n"/>
	</Ifc>
</Interface>

