<?xml version="1.0" encoding="UTF-8"?>
<!-- IMPORTANT: This is an internal file that has been generated
     by the Xilinx ISE software.  Any direct editing or
     changes made to this file may result in unpredictable
     behavior or data corruption.  It is strongly advised that
     users do not edit the contents of this file. -->
<DeviceUsageSummary rev="135">
<DesignStatistics TimeStamp="Thu May  6 12:21:15 2021"><group name="NetStatistics">
<item name="NumNets_Active" rev="135">
<attrib name="value" value="1136"/></item>
<item name="NumNets_Gnd" rev="135">
<attrib name="value" value="1"/></item>
<item name="NumNets_Vcc" rev="135">
<attrib name="value" value="1"/></item>
<item name="NumNodesOfType_Active_BOUNCEACROSS" rev="135">
<attrib name="value" value="24"/></item>
<item name="NumNodesOfType_Active_BOUNCEIN" rev="135">
<attrib name="value" value="183"/></item>
<item name="NumNodesOfType_Active_BUFGOUT" rev="135">
<attrib name="value" value="6"/></item>
<item name="NumNodesOfType_Active_BUFHINP2OUT" rev="135">
<attrib name="value" value="21"/></item>
<item name="NumNodesOfType_Active_BUFIOINP" rev="135">
<attrib name="value" value="2"/></item>
<item name="NumNodesOfType_Active_CLKPIN" rev="135">
<attrib name="value" value="269"/></item>
<item name="NumNodesOfType_Active_CLKPINFEED" rev="135">
<attrib name="value" value="48"/></item>
<item name="NumNodesOfType_Active_CNTRLPIN" rev="135">
<attrib name="value" value="215"/></item>
<item name="NumNodesOfType_Active_DOUBLE" rev="135">
<attrib name="value" value="1649"/></item>
<item name="NumNodesOfType_Active_GENERIC" rev="135">
<attrib name="value" value="94"/></item>
<item name="NumNodesOfType_Active_GLOBAL" rev="135">
<attrib name="value" value="212"/></item>
<item name="NumNodesOfType_Active_INPUT" rev="135">
<attrib name="value" value="884"/></item>
<item name="NumNodesOfType_Active_IOBIN2OUT" rev="135">
<attrib name="value" value="63"/></item>
<item name="NumNodesOfType_Active_IOBOUTPUT" rev="135">
<attrib name="value" value="63"/></item>
<item name="NumNodesOfType_Active_LUTINPUT" rev="135">
<attrib name="value" value="1492"/></item>
<item name="NumNodesOfType_Active_OUTBOUND" rev="135">
<attrib name="value" value="1123"/></item>
<item name="NumNodesOfType_Active_OUTPUT" rev="135">
<attrib name="value" value="1071"/></item>
<item name="NumNodesOfType_Active_PADINPUT" rev="135">
<attrib name="value" value="39"/></item>
<item name="NumNodesOfType_Active_PADOUTPUT" rev="135">
<attrib name="value" value="31"/></item>
<item name="NumNodesOfType_Active_PINBOUNCE" rev="135">
<attrib name="value" value="885"/></item>
<item name="NumNodesOfType_Active_PINFEED" rev="135">
<attrib name="value" value="2619"/></item>
<item name="NumNodesOfType_Active_PINFEED2" rev="135">
<attrib name="value" value="1"/></item>
<item name="NumNodesOfType_Active_QUAD" rev="135">
<attrib name="value" value="1291"/></item>
<item name="NumNodesOfType_Active_REGINPUT" rev="135">
<attrib name="value" value="322"/></item>
<item name="NumNodesOfType_Active_SINGLE" rev="135">
<attrib name="value" value="2137"/></item>
<item name="NumNodesOfType_Gnd_BOUNCEIN" rev="135">
<attrib name="value" value="112"/></item>
<item name="NumNodesOfType_Gnd_CNTRLPIN" rev="135">
<attrib name="value" value="1"/></item>
<item name="NumNodesOfType_Gnd_HGNDOUT" rev="135">
<attrib name="value" value="73"/></item>
<item name="NumNodesOfType_Gnd_INPUT" rev="135">
<attrib name="value" value="266"/></item>
<item name="NumNodesOfType_Gnd_LUTINPUT" rev="135">
<attrib name="value" value="38"/></item>
<item name="NumNodesOfType_Gnd_OUTBOUND" rev="135">
<attrib name="value" value="4"/></item>
<item name="NumNodesOfType_Gnd_OUTPUT" rev="135">
<attrib name="value" value="4"/></item>
<item name="NumNodesOfType_Gnd_PINBOUNCE" rev="135">
<attrib name="value" value="168"/></item>
<item name="NumNodesOfType_Gnd_PINFEED" rev="135">
<attrib name="value" value="270"/></item>
<item name="NumNodesOfType_Gnd_REGINPUT" rev="135">
<attrib name="value" value="52"/></item>
<item name="NumNodesOfType_Gnd_SINGLE" rev="135">
<attrib name="value" value="4"/></item>
<item name="NumNodesOfType_Vcc_CNTRLPIN" rev="135">
<attrib name="value" value="10"/></item>
<item name="NumNodesOfType_Vcc_HVCCOUT" rev="135">
<attrib name="value" value="190"/></item>
<item name="NumNodesOfType_Vcc_INPUT" rev="135">
<attrib name="value" value="1463"/></item>
<item name="NumNodesOfType_Vcc_KVCCOUT" rev="135">
<attrib name="value" value="109"/></item>
<item name="NumNodesOfType_Vcc_LUTINPUT" rev="135">
<attrib name="value" value="527"/></item>
<item name="NumNodesOfType_Vcc_PINBOUNCE" rev="135">
<attrib name="value" value="170"/></item>
<item name="NumNodesOfType_Vcc_PINFEED" rev="135">
<attrib name="value" value="1834"/></item>
<item name="NumNodesOfType_Vcc_REGINPUT" rev="135">
<attrib name="value" value="4"/></item>
</group>
<group name="SiteStatistics">
<item name="BUFG-BUFGMUX" rev="135">
<attrib name="value" value="6"/></item>
<item name="IOB-IOBM" rev="135">
<attrib name="value" value="19"/></item>
<item name="IOB-IOBS" rev="135">
<attrib name="value" value="29"/></item>
<item name="SLICEL-SLICEM" rev="135">
<attrib name="value" value="30"/></item>
<item name="SLICEX-SLICEL" rev="135">
<attrib name="value" value="53"/></item>
<item name="SLICEX-SLICEM" rev="135">
<attrib name="value" value="44"/></item>
</group>
<group name="MiscellaneousStatistics">
<item name="AGG_BONDED_IO" rev="134">
<attrib name="value" value="48"/></item>
<item name="AGG_IO" rev="134">
<attrib name="value" value="48"/></item>
<item name="AGG_LOCED_IO" rev="134">
<attrib name="value" value="44"/></item>
<item name="AGG_SLICE" rev="134">
<attrib name="value" value="322"/></item>
<item name="NUM_BONDED_IOB" rev="134">
<attrib name="value" value="48"/></item>
<item name="NUM_BSCAN" rev="134">
<attrib name="value" value="1"/></item>
<item name="NUM_BSFULL" rev="134">
<attrib name="value" value="371"/></item>
<item name="NUM_BSLUTONLY" rev="134">
<attrib name="value" value="216"/></item>
<item name="NUM_BSREGONLY" rev="134">
<attrib name="value" value="228"/></item>
<item name="NUM_BSUSED" rev="134">
<attrib name="value" value="815"/></item>
<item name="NUM_BUFG" rev="134">
<attrib name="value" value="6"/></item>
<item name="NUM_BUFIO2" rev="134">
<attrib name="value" value="1"/></item>
<item name="NUM_BUFIO2FB" rev="134">
<attrib name="value" value="1"/></item>
<item name="NUM_LOCED_IOB" rev="134">
<attrib name="value" value="44"/></item>
<item name="NUM_LOGIC_O5ANDO6" rev="134">
<attrib name="value" value="109"/></item>
<item name="NUM_LOGIC_O5ONLY" rev="134">
<attrib name="value" value="118"/></item>
<item name="NUM_LOGIC_O6ONLY" rev="134">
<attrib name="value" value="171"/></item>
<item name="NUM_LUT_RT_DRIVES_CARRY4" rev="134">
<attrib name="value" value="12"/></item>
<item name="NUM_LUT_RT_DRIVES_FLOP" rev="134">
<attrib name="value" value="86"/></item>
<item name="NUM_LUT_RT_EXO5" rev="134">
<attrib name="value" value="86"/></item>
<item name="NUM_LUT_RT_EXO6" rev="134">
<attrib name="value" value="12"/></item>
<item name="NUM_LUT_RT_O5" rev="134">
<attrib name="value" value="1"/></item>
<item name="NUM_LUT_RT_O6" rev="134">
<attrib name="value" value="118"/></item>
<item name="NUM_PLL_ADV" rev="134">
<attrib name="value" value="1"/></item>
<item name="NUM_RAMB16BWER" rev="134">
<attrib name="value" value="21"/></item>
<item name="NUM_RAMB8BWER" rev="134">
<attrib name="value" value="1"/></item>
<item name="NUM_RPM" rev="134">
<attrib name="value" value="9"/></item>
<item name="NUM_SLICEL" rev="134">
<attrib name="value" value="68"/></item>
<item name="NUM_SLICEM" rev="134">
<attrib name="value" value="27"/></item>
<item name="NUM_SLICEX" rev="134">
<attrib name="value" value="227"/></item>
<item name="NUM_SLICE_CARRY4" rev="134">
<attrib name="value" value="72"/></item>
<item name="NUM_SLICE_CONTROLSET" rev="134">
<attrib name="value" value="67"/></item>
<item name="NUM_SLICE_CYINIT" rev="134">
<attrib name="value" value="842"/></item>
<item name="NUM_SLICE_F7MUX" rev="134">
<attrib name="value" value="11"/></item>
<item name="NUM_SLICE_F8MUX" rev="134">
<attrib name="value" value="2"/></item>
<item name="NUM_SLICE_FF" rev="134">
<attrib name="value" value="718"/></item>
<item name="NUM_SLICE_LATCH" rev="134">
<attrib name="value" value="1"/></item>
<item name="NUM_SLICE_UNUSEDCTRL" rev="134">
<attrib name="value" value="55"/></item>
<item name="NUM_SRL_O5ANDO6" rev="134">
<attrib name="value" value="1"/></item>
<item name="NUM_SRL_O6ONLY" rev="134">
<attrib name="value" value="90"/></item>
<item name="NUM_UNUSABLE_FF_BELS" rev="134">
<attrib name="value" value="349"/></item>
<item name="Xilinx Core chipscope_icon_v1_06_a, Xilinx CORE Generator 14.7" rev="134">
<attrib name="value" value="1"/></item>
<item name="Xilinx Core chipscope_ila_v1_05_a, Xilinx CORE Generator 14.7" rev="134">
<attrib name="value" value="1"/></item>
<item name="Xilinx Core fifo_generator_v9_3, Xilinx CORE Generator 14.7" rev="134">
<attrib name="value" value="2"/></item>
</group>
</DesignStatistics>
<DeviceUsage TimeStamp="Thu May  6 12:21:15 2021"><group name="SiteSummary">
<item name="BSCAN" rev="135">
<attrib name="total" value="1000000"/><attrib name="used" value="1"/></item>
<item name="BSCAN_BSCAN" rev="135">
<attrib name="total" value="1000000"/><attrib name="used" value="1"/></item>
<item name="BUFG" rev="135">
<attrib name="total" value="1000000"/><attrib name="used" value="6"/></item>
<item name="BUFG_BUFG" rev="135">
<attrib name="total" value="1000000"/><attrib name="used" value="6"/></item>
<item name="BUFIO2" rev="135">
<attrib name="total" value="1000000"/><attrib name="used" value="1"/></item>
<item name="BUFIO2FB" rev="135">
<attrib name="total" value="1000000"/><attrib name="used" value="1"/></item>
<item name="BUFIO2FB_BUFIO2FB" rev="135">
<attrib name="total" value="1000000"/><attrib name="used" value="1"/></item>
<item name="BUFIO2_BUFIO2" rev="135">
<attrib name="total" value="1000000"/><attrib name="used" value="1"/></item>
<item name="CARRY4" rev="135">
<attrib name="total" value="1000000"/><attrib name="used" value="72"/></item>
<item name="FF_SR" rev="135">
<attrib name="total" value="1000000"/><attrib name="used" value="123"/></item>
<item name="HARD0" rev="135">
<attrib name="total" value="1000000"/><attrib name="used" value="6"/></item>
<item name="HARD1" rev="135">
<attrib name="total" value="1000000"/><attrib name="used" value="20"/></item>
<item name="INVERTER" rev="135">
<attrib name="total" value="1000000"/><attrib name="used" value="1"/></item>
<item name="IOB" rev="135">
<attrib name="total" value="1000000"/><attrib name="used" value="48"/></item>
<item name="IOB_IMUX" rev="135">
<attrib name="total" value="1000000"/><attrib name="used" value="41"/></item>
<item name="IOB_INBUF" rev="135">
<attrib name="total" value="1000000"/><attrib name="used" value="41"/></item>
<item name="IOB_OUTBUF" rev="135">
<attrib name="total" value="1000000"/><attrib name="used" value="19"/></item>
<item name="LUT5" rev="135">
<attrib name="total" value="1000000"/><attrib name="used" value="314"/></item>
<item name="LUT6" rev="135">
<attrib name="total" value="1000000"/><attrib name="used" value="410"/></item>
<item name="LUT_OR_MEM5" rev="135">
<attrib name="total" value="1000000"/><attrib name="used" value="1"/></item>
<item name="LUT_OR_MEM6" rev="135">
<attrib name="total" value="1000000"/><attrib name="used" value="91"/></item>
<item name="NULLMUX" rev="135">
<attrib name="total" value="1000000"/><attrib name="used" value="4"/></item>
<item name="PAD" rev="135">
<attrib name="total" value="1000000"/><attrib name="used" value="48"/></item>
<item name="PLL_ADV" rev="135">
<attrib name="total" value="1000000"/><attrib name="used" value="1"/></item>
<item name="PLL_ADV_PLL_ADV" rev="135">
<attrib name="total" value="1000000"/><attrib name="used" value="1"/></item>
<item name="RAMB16BWER" rev="135">
<attrib name="total" value="1000000"/><attrib name="used" value="21"/></item>
<item name="RAMB16BWER_RAMB16BWER" rev="135">
<attrib name="total" value="1000000"/><attrib name="used" value="21"/></item>
<item name="RAMB8BWER" rev="135">
<attrib name="total" value="1000000"/><attrib name="used" value="1"/></item>
<item name="RAMB8BWER_RAMB8BWER" rev="135">
<attrib name="total" value="1000000"/><attrib name="used" value="1"/></item>
<item name="REG_SR" rev="135">
<attrib name="total" value="1000000"/><attrib name="used" value="596"/></item>
<item name="SELMUX2_1" rev="135">
<attrib name="total" value="1000000"/><attrib name="used" value="13"/></item>
<item name="SLICEL" rev="135">
<attrib name="total" value="1000000"/><attrib name="used" value="68"/></item>
<item name="SLICEM" rev="135">
<attrib name="total" value="1000000"/><attrib name="used" value="27"/></item>
<item name="SLICEX" rev="135">
<attrib name="total" value="1000000"/><attrib name="used" value="227"/></item>
</group>
</DeviceUsage>
<ReportConfigData TimeStamp="Thu May  6 12:21:15 2021"><group name="REG_SR">
<item name="CK" rev="135">
<attrib name="CK" value="538"/><attrib name="CK_INV" value="58"/></item>
<item name="LATCH_OR_FF" rev="135">
<attrib name="FF" value="595"/><attrib name="LATCH" value="1"/></item>
<item name="SRINIT" rev="135">
<attrib name="SRINIT0" value="493"/><attrib name="SRINIT1" value="103"/></item>
<item name="SYNC_ATTR" rev="135">
<attrib name="ASYNC" value="442"/><attrib name="SYNC" value="154"/></item>
</group>
<group name="LUT_OR_MEM5">
<item name="CLK" rev="135">
<attrib name="CLK" value="1"/><attrib name="CLK_INV" value="0"/></item>
<item name="LUT_OR_MEM" rev="135">
<attrib name="RAM" value="1"/></item>
<item name="RAMMODE" rev="135">
<attrib name="SRL16" value="1"/></item>
</group>
<group name="LUT_OR_MEM6">
<item name="CLK" rev="135">
<attrib name="CLK" value="91"/><attrib name="CLK_INV" value="0"/></item>
<item name="LUT_OR_MEM" rev="135">
<attrib name="RAM" value="91"/></item>
<item name="RAMMODE" rev="135">
<attrib name="SRL16" value="50"/><attrib name="SRL32" value="41"/></item>
</group>
<group name="SLICEL">
<item name="CLK" rev="135">
<attrib name="CLK" value="46"/><attrib name="CLK_INV" value="1"/></item>
</group>
<group name="PLL_ADV_PLL_ADV">
<item name="BANDWIDTH" rev="135">
<attrib name="OPTIMIZED" value="1"/></item>
<item name="CLK_FEEDBACK" rev="135">
<attrib name="CLKFBOUT" value="1"/></item>
<item name="COMPENSATION" rev="135">
<attrib name="SYSTEM_SYNCHRONOUS" value="1"/></item>
<item name="PLL_ADD_LEAKAGE" rev="135">
<attrib name="2" value="1"/></item>
<item name="PLL_AVDD_COMP_SET" rev="135">
<attrib name="2" value="1"/></item>
<item name="PLL_CLAMP_BYPASS" rev="135">
<attrib name="FALSE" value="1"/></item>
<item name="PLL_CLAMP_REF_SEL" rev="135">
<attrib name="1" value="1"/></item>
<item name="PLL_CLK0MX" rev="135">
<attrib name="0" value="1"/></item>
<item name="PLL_CLK1MX" rev="135">
<attrib name="0" value="1"/></item>
<item name="PLL_CLK2MX" rev="135">
<attrib name="0" value="1"/></item>
<item name="PLL_CLK3MX" rev="135">
<attrib name="0" value="1"/></item>
<item name="PLL_CLK4MX" rev="135">
<attrib name="0" value="1"/></item>
<item name="PLL_CLK5MX" rev="135">
<attrib name="0" value="1"/></item>
<item name="PLL_CLKBURST_CNT" rev="135">
<attrib name="0" value="1"/></item>
<item name="PLL_CLKBURST_ENABLE" rev="135">
<attrib name="TRUE" value="1"/></item>
<item name="PLL_CLKCNTRL" rev="135">
<attrib name="0" value="1"/></item>
<item name="PLL_CLKFBMX" rev="135">
<attrib name="0" value="1"/></item>
<item name="PLL_CLKFBOUT2_EDGE" rev="135">
<attrib name="TRUE" value="1"/></item>
<item name="PLL_CLKFBOUT2_NOCOUNT" rev="135">
<attrib name="TRUE" value="1"/></item>
<item name="PLL_CLKFBOUT_EDGE" rev="135">
<attrib name="TRUE" value="1"/></item>
<item name="PLL_CLKFBOUT_EN" rev="135">
<attrib name="FALSE" value="1"/></item>
<item name="PLL_CLKFBOUT_NOCOUNT" rev="135">
<attrib name="TRUE" value="1"/></item>
<item name="PLL_CLKOUT0_EDGE" rev="135">
<attrib name="TRUE" value="1"/></item>
<item name="PLL_CLKOUT0_EN" rev="135">
<attrib name="FALSE" value="1"/></item>
<item name="PLL_CLKOUT0_NOCOUNT" rev="135">
<attrib name="TRUE" value="1"/></item>
<item name="PLL_CLKOUT1_EDGE" rev="135">
<attrib name="TRUE" value="1"/></item>
<item name="PLL_CLKOUT1_EN" rev="135">
<attrib name="FALSE" value="1"/></item>
<item name="PLL_CLKOUT1_NOCOUNT" rev="135">
<attrib name="TRUE" value="1"/></item>
<item name="PLL_CLKOUT2_EDGE" rev="135">
<attrib name="TRUE" value="1"/></item>
<item name="PLL_CLKOUT2_EN" rev="135">
<attrib name="FALSE" value="1"/></item>
<item name="PLL_CLKOUT2_NOCOUNT" rev="135">
<attrib name="TRUE" value="1"/></item>
<item name="PLL_CLKOUT3_EDGE" rev="135">
<attrib name="TRUE" value="1"/></item>
<item name="PLL_CLKOUT3_EN" rev="135">
<attrib name="FALSE" value="1"/></item>
<item name="PLL_CLKOUT3_NOCOUNT" rev="135">
<attrib name="TRUE" value="1"/></item>
<item name="PLL_CLKOUT4_EDGE" rev="135">
<attrib name="TRUE" value="1"/></item>
<item name="PLL_CLKOUT4_EN" rev="135">
<attrib name="FALSE" value="1"/></item>
<item name="PLL_CLKOUT4_NOCOUNT" rev="135">
<attrib name="TRUE" value="1"/></item>
<item name="PLL_CLKOUT5_EDGE" rev="135">
<attrib name="TRUE" value="1"/></item>
<item name="PLL_CLKOUT5_EN" rev="135">
<attrib name="FALSE" value="1"/></item>
<item name="PLL_CLKOUT5_NOCOUNT" rev="135">
<attrib name="TRUE" value="1"/></item>
<item name="PLL_CLK_LOST_DETECT" rev="135">
<attrib name="FALSE" value="1"/></item>
<item name="PLL_CP" rev="135">
<attrib name="1" value="1"/></item>
<item name="PLL_CP_BIAS_TRIP_SHIFT" rev="135">
<attrib name="TRUE" value="1"/></item>
<item name="PLL_CP_REPL" rev="135">
<attrib name="1" value="1"/></item>
<item name="PLL_CP_RES" rev="135">
<attrib name="0" value="1"/></item>
<item name="PLL_DIRECT_PATH_CNTRL" rev="135">
<attrib name="TRUE" value="1"/></item>
<item name="PLL_DIVCLK_EDGE" rev="135">
<attrib name="TRUE" value="1"/></item>
<item name="PLL_DIVCLK_NOCOUNT" rev="135">
<attrib name="TRUE" value="1"/></item>
<item name="PLL_DVDD_COMP_SET" rev="135">
<attrib name="2" value="1"/></item>
<item name="PLL_EN" rev="135">
<attrib name="FALSE" value="1"/></item>
<item name="PLL_EN_DLY" rev="135">
<attrib name="TRUE" value="1"/></item>
<item name="PLL_EN_LEAKAGE" rev="135">
<attrib name="2" value="1"/></item>
<item name="PLL_EN_TCLK0" rev="135">
<attrib name="TRUE" value="1"/></item>
<item name="PLL_EN_TCLK1" rev="135">
<attrib name="TRUE" value="1"/></item>
<item name="PLL_EN_TCLK2" rev="135">
<attrib name="TRUE" value="1"/></item>
<item name="PLL_EN_TCLK3" rev="135">
<attrib name="TRUE" value="1"/></item>
<item name="PLL_EN_VCO0" rev="135">
<attrib name="FALSE" value="1"/></item>
<item name="PLL_EN_VCO1" rev="135">
<attrib name="FALSE" value="1"/></item>
<item name="PLL_EN_VCO2" rev="135">
<attrib name="FALSE" value="1"/></item>
<item name="PLL_EN_VCO3" rev="135">
<attrib name="FALSE" value="1"/></item>
<item name="PLL_EN_VCO4" rev="135">
<attrib name="FALSE" value="1"/></item>
<item name="PLL_EN_VCO5" rev="135">
<attrib name="FALSE" value="1"/></item>
<item name="PLL_EN_VCO6" rev="135">
<attrib name="FALSE" value="1"/></item>
<item name="PLL_EN_VCO7" rev="135">
<attrib name="FALSE" value="1"/></item>
<item name="PLL_EN_VCO_DIV1" rev="135">
<attrib name="FALSE" value="1"/></item>
<item name="PLL_EN_VCO_DIV6" rev="135">
<attrib name="TRUE" value="1"/></item>
<item name="PLL_INTFB" rev="135">
<attrib name="0" value="1"/></item>
<item name="PLL_IO_CLKSRC" rev="135">
<attrib name="0" value="1"/></item>
<item name="PLL_LFHF" rev="135">
<attrib name="3" value="1"/></item>
<item name="PLL_LOCK_FB_DLY" rev="135">
<attrib name="3" value="1"/></item>
<item name="PLL_LOCK_REF_DLY" rev="135">
<attrib name="5" value="1"/></item>
<item name="PLL_MAN_LF_EN" rev="135">
<attrib name="TRUE" value="1"/></item>
<item name="PLL_NBTI_EN" rev="135">
<attrib name="TRUE" value="1"/></item>
<item name="PLL_PFD_CNTRL" rev="135">
<attrib name="8" value="1"/></item>
<item name="PLL_PFD_DLY" rev="135">
<attrib name="1" value="1"/></item>
<item name="PLL_PWRD_CFG" rev="135">
<attrib name="FALSE" value="1"/></item>
<item name="PLL_REG_INPUT" rev="135">
<attrib name="TRUE" value="1"/></item>
<item name="PLL_RES" rev="135">
<attrib name="1" value="1"/></item>
<item name="PLL_SEL_SLIPD" rev="135">
<attrib name="FALSE" value="1"/></item>
<item name="PLL_SKEW_CNTRL" rev="135">
<attrib name="0" value="1"/></item>
<item name="PLL_TEST_IN_WINDOW" rev="135">
<attrib name="FALSE" value="1"/></item>
<item name="PLL_VDD_SEL" rev="135">
<attrib name="0" value="1"/></item>
<item name="PLL_VLFHIGH_DIS" rev="135">
<attrib name="TRUE" value="1"/></item>
<item name="RST" rev="135">
<attrib name="RST" value="1"/><attrib name="RST_INV" value="0"/></item>
</group>
<group name="SLICEM">
<item name="CLK" rev="135">
<attrib name="CLK" value="27"/><attrib name="CLK_INV" value="0"/></item>
</group>
<group name="IOB_OUTBUF">
<item name="DRIVEATTRBOX" rev="135">
<attrib name="12" value="19"/></item>
<item name="SLEW" rev="135">
<attrib name="SLOW" value="19"/></item>
<item name="SUSPEND" rev="135">
<attrib name="3STATE" value="19"/></item>
</group>
<group name="SLICEX">
<item name="CLK" rev="135">
<attrib name="CLK" value="169"/><attrib name="CLK_INV" value="24"/></item>
</group>
<group name="ILOGIC2_IFF">
<item name="CLK0" rev="109">
<attrib name="CLK0_INV" value="0"/><attrib name="CLK0" value="14"/></item>
<item name="IFFTYPE" rev="109">
<attrib name="FF" value="14"/></item>
<item name="SRINIT_Q" rev="109">
<attrib name="0" value="14"/></item>
</group>
<group name="BSCAN_BSCAN">
<item name="JTAG_CHAIN" rev="135">
<attrib name="1" value="1"/></item>
<item name="JTAG_TEST" rev="135">
<attrib name="0" value="1"/></item>
</group>
<group name="BUFIO2FB_BUFIO2FB">
<item name="DIVIDE_BYPASS" rev="135">
<attrib name="TRUE" value="1"/></item>
<item name="INVERT_INPUTS" rev="135">
<attrib name="FALSE" value="1"/></item>
</group>
<group name="IOB_INBUF">
<item name="DIFF_TERM" rev="135">
<attrib name="FALSE" value="4"/></item>
</group>
<group name="PLL_ADV">
<item name="RST" rev="135">
<attrib name="RST" value="1"/><attrib name="RST_INV" value="0"/></item>
</group>
<group name="RAMB16BWER">
<item name="CLKA" rev="135">
<attrib name="CLKA_INV" value="1"/><attrib name="CLKA" value="20"/></item>
<item name="CLKB" rev="135">
<attrib name="CLKB_INV" value="0"/><attrib name="CLKB" value="21"/></item>
<item name="ENA" rev="135">
<attrib name="ENA_INV" value="0"/><attrib name="ENA" value="21"/></item>
<item name="ENB" rev="135">
<attrib name="ENB_INV" value="0"/><attrib name="ENB" value="21"/></item>
<item name="REGCEA" rev="135">
<attrib name="REGCEA_INV" value="0"/><attrib name="REGCEA" value="21"/></item>
<item name="REGCEB" rev="135">
<attrib name="REGCEB_INV" value="0"/><attrib name="REGCEB" value="21"/></item>
<item name="RSTA" rev="135">
<attrib name="RSTA" value="21"/><attrib name="RSTA_INV" value="0"/></item>
<item name="RSTB" rev="135">
<attrib name="RSTB" value="21"/><attrib name="RSTB_INV" value="0"/></item>
<item name="WEA0" rev="135">
<attrib name="WEA0" value="21"/><attrib name="WEA0_INV" value="0"/></item>
<item name="WEA1" rev="135">
<attrib name="WEA1" value="21"/><attrib name="WEA1_INV" value="0"/></item>
<item name="WEA2" rev="135">
<attrib name="WEA2" value="21"/><attrib name="WEA2_INV" value="0"/></item>
<item name="WEA3" rev="135">
<attrib name="WEA3_INV" value="0"/><attrib name="WEA3" value="21"/></item>
<item name="WEB0" rev="135">
<attrib name="WEB0" value="21"/><attrib name="WEB0_INV" value="0"/></item>
<item name="WEB1" rev="135">
<attrib name="WEB1" value="21"/><attrib name="WEB1_INV" value="0"/></item>
<item name="WEB2" rev="135">
<attrib name="WEB2_INV" value="0"/><attrib name="WEB2" value="21"/></item>
<item name="WEB3" rev="135">
<attrib name="WEB3" value="21"/><attrib name="WEB3_INV" value="0"/></item>
</group>
<group name="RAMB8BWER">
<item name="CLKAWRCLK" rev="135">
<attrib name="CLKAWRCLK" value="1"/><attrib name="CLKAWRCLK_INV" value="0"/></item>
<item name="CLKBRDCLK" rev="135">
<attrib name="CLKBRDCLK_INV" value="0"/><attrib name="CLKBRDCLK" value="1"/></item>
<item name="ENAWREN" rev="135">
<attrib name="ENAWREN" value="1"/><attrib name="ENAWREN_INV" value="0"/></item>
<item name="ENBRDEN" rev="135">
<attrib name="ENBRDEN_INV" value="0"/><attrib name="ENBRDEN" value="1"/></item>
<item name="REGCEA" rev="135">
<attrib name="REGCEA_INV" value="0"/><attrib name="REGCEA" value="1"/></item>
<item name="REGCEBREGCE" rev="135">
<attrib name="REGCEBREGCE_INV" value="0"/><attrib name="REGCEBREGCE" value="1"/></item>
<item name="RSTA" rev="135">
<attrib name="RSTA" value="1"/><attrib name="RSTA_INV" value="0"/></item>
<item name="RSTBRST" rev="135">
<attrib name="RSTBRST" value="1"/><attrib name="RSTBRST_INV" value="0"/></item>
<item name="WEAWEL0" rev="135">
<attrib name="WEAWEL0" value="1"/><attrib name="WEAWEL0_INV" value="0"/></item>
<item name="WEAWEL1" rev="135">
<attrib name="WEAWEL1_INV" value="0"/><attrib name="WEAWEL1" value="1"/></item>
<item name="WEBWEU0" rev="135">
<attrib name="WEBWEU0" value="1"/><attrib name="WEBWEU0_INV" value="0"/></item>
<item name="WEBWEU1" rev="135">
<attrib name="WEBWEU1" value="1"/><attrib name="WEBWEU1_INV" value="0"/></item>
</group>
<group name="BUFIO2_BUFIO2">
<item name="DIVIDE" rev="135">
<attrib name="1" value="1"/></item>
<item name="DIVIDE_BYPASS" rev="135">
<attrib name="TRUE" value="1"/></item>
<item name="I_INVERT" rev="135">
<attrib name="FALSE" value="1"/></item>
</group>
<group name="RAMB16BWER_RAMB16BWER">
<item name="CLKA" rev="135">
<attrib name="CLKA_INV" value="1"/><attrib name="CLKA" value="20"/></item>
<item name="CLKB" rev="135">
<attrib name="CLKB_INV" value="0"/><attrib name="CLKB" value="21"/></item>
<item name="DATA_WIDTH_A" rev="135">
<attrib name="2" value="19"/><attrib name="18" value="2"/></item>
<item name="DATA_WIDTH_B" rev="135">
<attrib name="2" value="19"/><attrib name="18" value="2"/></item>
<item name="DOA_REG" rev="135">
<attrib name="0" value="21"/></item>
<item name="DOB_REG" rev="135">
<attrib name="0" value="21"/></item>
<item name="ENA" rev="135">
<attrib name="ENA_INV" value="0"/><attrib name="ENA" value="21"/></item>
<item name="ENB" rev="135">
<attrib name="ENB_INV" value="0"/><attrib name="ENB" value="21"/></item>
<item name="EN_RSTRAM_A" rev="135">
<attrib name="FALSE" value="21"/></item>
<item name="EN_RSTRAM_B" rev="135">
<attrib name="FALSE" value="19"/><attrib name="TRUE" value="2"/></item>
<item name="RAM_MODE" rev="135">
<attrib name="TDP" value="21"/></item>
<item name="REGCEA" rev="135">
<attrib name="REGCEA_INV" value="0"/><attrib name="REGCEA" value="21"/></item>
<item name="REGCEB" rev="135">
<attrib name="REGCEB_INV" value="0"/><attrib name="REGCEB" value="21"/></item>
<item name="RSTA" rev="135">
<attrib name="RSTA" value="21"/><attrib name="RSTA_INV" value="0"/></item>
<item name="RSTB" rev="135">
<attrib name="RSTB" value="21"/><attrib name="RSTB_INV" value="0"/></item>
<item name="RSTTYPE" rev="135">
<attrib name="SYNC" value="21"/></item>
<item name="RST_PRIORITY_A" rev="135">
<attrib name="CE" value="21"/></item>
<item name="RST_PRIORITY_B" rev="135">
<attrib name="CE" value="21"/></item>
<item name="WEA0" rev="135">
<attrib name="WEA0" value="21"/><attrib name="WEA0_INV" value="0"/></item>
<item name="WEA1" rev="135">
<attrib name="WEA1" value="21"/><attrib name="WEA1_INV" value="0"/></item>
<item name="WEA2" rev="135">
<attrib name="WEA2" value="21"/><attrib name="WEA2_INV" value="0"/></item>
<item name="WEA3" rev="135">
<attrib name="WEA3_INV" value="0"/><attrib name="WEA3" value="21"/></item>
<item name="WEB0" rev="135">
<attrib name="WEB0" value="21"/><attrib name="WEB0_INV" value="0"/></item>
<item name="WEB1" rev="135">
<attrib name="WEB1" value="21"/><attrib name="WEB1_INV" value="0"/></item>
<item name="WEB2" rev="135">
<attrib name="WEB2_INV" value="0"/><attrib name="WEB2" value="21"/></item>
<item name="WEB3" rev="135">
<attrib name="WEB3" value="21"/><attrib name="WEB3_INV" value="0"/></item>
<item name="WRITE_MODE_A" rev="135">
<attrib name="WRITE_FIRST" value="21"/></item>
<item name="WRITE_MODE_B" rev="135">
<attrib name="WRITE_FIRST" value="21"/></item>
</group>
<group name="ILOGIC2">
<item name="CLK0" rev="109">
<attrib name="CLK0_INV" value="0"/><attrib name="CLK0" value="14"/></item>
</group>
<group name="FF_SR">
<item name="CK" rev="135">
<attrib name="CK" value="97"/><attrib name="CK_INV" value="26"/></item>
<item name="SRINIT" rev="135">
<attrib name="SRINIT0" value="82"/><attrib name="SRINIT1" value="41"/></item>
<item name="SYNC_ATTR" rev="135">
<attrib name="ASYNC" value="118"/><attrib name="SYNC" value="5"/></item>
</group>
<group name="RAMB8BWER_RAMB8BWER">
<item name="CLKAWRCLK" rev="135">
<attrib name="CLKAWRCLK" value="1"/><attrib name="CLKAWRCLK_INV" value="0"/></item>
<item name="CLKBRDCLK" rev="135">
<attrib name="CLKBRDCLK_INV" value="0"/><attrib name="CLKBRDCLK" value="1"/></item>
<item name="DATA_WIDTH_A" rev="135">
<attrib name="1" value="1"/></item>
<item name="DATA_WIDTH_B" rev="135">
<attrib name="1" value="1"/></item>
<item name="DOA_REG" rev="135">
<attrib name="0" value="1"/></item>
<item name="DOB_REG" rev="135">
<attrib name="0" value="1"/></item>
<item name="ENAWREN" rev="135">
<attrib name="ENAWREN" value="1"/><attrib name="ENAWREN_INV" value="0"/></item>
<item name="ENBRDEN" rev="135">
<attrib name="ENBRDEN_INV" value="0"/><attrib name="ENBRDEN" value="1"/></item>
<item name="EN_RSTRAM_A" rev="135">
<attrib name="FALSE" value="1"/></item>
<item name="EN_RSTRAM_B" rev="135">
<attrib name="FALSE" value="1"/></item>
<item name="RAM_MODE" rev="135">
<attrib name="TDP" value="1"/></item>
<item name="REGCEA" rev="135">
<attrib name="REGCEA_INV" value="0"/><attrib name="REGCEA" value="1"/></item>
<item name="REGCEBREGCE" rev="135">
<attrib name="REGCEBREGCE_INV" value="0"/><attrib name="REGCEBREGCE" value="1"/></item>
<item name="RSTA" rev="135">
<attrib name="RSTA" value="1"/><attrib name="RSTA_INV" value="0"/></item>
<item name="RSTBRST" rev="135">
<attrib name="RSTBRST" value="1"/><attrib name="RSTBRST_INV" value="0"/></item>
<item name="RSTTYPE" rev="135">
<attrib name="SYNC" value="1"/></item>
<item name="RST_PRIORITY_A" rev="135">
<attrib name="CE" value="1"/></item>
<item name="RST_PRIORITY_B" rev="135">
<attrib name="CE" value="1"/></item>
<item name="WEAWEL0" rev="135">
<attrib name="WEAWEL0" value="1"/><attrib name="WEAWEL0_INV" value="0"/></item>
<item name="WEAWEL1" rev="135">
<attrib name="WEAWEL1_INV" value="0"/><attrib name="WEAWEL1" value="1"/></item>
<item name="WEBWEU0" rev="135">
<attrib name="WEBWEU0" value="1"/><attrib name="WEBWEU0_INV" value="0"/></item>
<item name="WEBWEU1" rev="135">
<attrib name="WEBWEU1" value="1"/><attrib name="WEBWEU1_INV" value="0"/></item>
<item name="WRITE_MODE_A" rev="135">
<attrib name="WRITE_FIRST" value="1"/></item>
<item name="WRITE_MODE_B" rev="135">
<attrib name="WRITE_FIRST" value="1"/></item>
</group>
</ReportConfigData>
<ReportPinData TimeStamp="Thu May  6 12:21:15 2021"><group name="BUFIO2">
<item name="DIVCLK" rev="135">
<attrib name="value" value="1"/></item>
<item name="I" rev="135">
<attrib name="value" value="1"/></item>
</group>
<group name="NULLMUX">
<item name="0" rev="135">
<attrib name="value" value="4"/></item>
<item name="OUT" rev="135">
<attrib name="value" value="4"/></item>
</group>
<group name="REG_SR">
<item name="CE" rev="135">
<attrib name="value" value="224"/></item>
<item name="CK" rev="135">
<attrib name="value" value="596"/></item>
<item name="D" rev="135">
<attrib name="value" value="596"/></item>
<item name="Q" rev="135">
<attrib name="value" value="596"/></item>
<item name="SR" rev="135">
<attrib name="value" value="219"/></item>
</group>
<group name="LUT_OR_MEM5">
<item name="A1" rev="135">
<attrib name="value" value="1"/></item>
<item name="A2" rev="135">
<attrib name="value" value="1"/></item>
<item name="A3" rev="135">
<attrib name="value" value="1"/></item>
<item name="A4" rev="135">
<attrib name="value" value="1"/></item>
<item name="A5" rev="135">
<attrib name="value" value="1"/></item>
<item name="CLK" rev="135">
<attrib name="value" value="1"/></item>
<item name="DI1" rev="135">
<attrib name="value" value="1"/></item>
<item name="O5" rev="135">
<attrib name="value" value="1"/></item>
<item name="WE" rev="135">
<attrib name="value" value="1"/></item>
</group>
<group name="LUT_OR_MEM6">
<item name="A1" rev="135">
<attrib name="value" value="91"/></item>
<item name="A2" rev="135">
<attrib name="value" value="91"/></item>
<item name="A3" rev="135">
<attrib name="value" value="91"/></item>
<item name="A4" rev="135">
<attrib name="value" value="91"/></item>
<item name="A5" rev="135">
<attrib name="value" value="91"/></item>
<item name="A6" rev="135">
<attrib name="value" value="91"/></item>
<item name="CLK" rev="135">
<attrib name="value" value="91"/></item>
<item name="DI1" rev="135">
<attrib name="value" value="41"/></item>
<item name="DI2" rev="135">
<attrib name="value" value="50"/></item>
<item name="MC31" rev="135">
<attrib name="value" value="50"/></item>
<item name="O6" rev="135">
<attrib name="value" value="91"/></item>
<item name="WE" rev="135">
<attrib name="value" value="91"/></item>
</group>
<group name="SLICEL">
<item name="A" rev="135">
<attrib name="value" value="2"/></item>
<item name="A1" rev="135">
<attrib name="value" value="1"/></item>
<item name="A2" rev="135">
<attrib name="value" value="21"/></item>
<item name="A3" rev="135">
<attrib name="value" value="22"/></item>
<item name="A4" rev="135">
<attrib name="value" value="55"/></item>
<item name="A5" rev="135">
<attrib name="value" value="29"/></item>
<item name="A6" rev="135">
<attrib name="value" value="59"/></item>
<item name="AMUX" rev="135">
<attrib name="value" value="17"/></item>
<item name="AQ" rev="135">
<attrib name="value" value="38"/></item>
<item name="AX" rev="135">
<attrib name="value" value="1"/></item>
<item name="B" rev="135">
<attrib name="value" value="3"/></item>
<item name="B1" rev="135">
<attrib name="value" value="1"/></item>
<item name="B2" rev="135">
<attrib name="value" value="11"/></item>
<item name="B3" rev="135">
<attrib name="value" value="12"/></item>
<item name="B4" rev="135">
<attrib name="value" value="44"/></item>
<item name="B5" rev="135">
<attrib name="value" value="17"/></item>
<item name="B6" rev="135">
<attrib name="value" value="45"/></item>
<item name="BMUX" rev="135">
<attrib name="value" value="6"/></item>
<item name="BQ" rev="135">
<attrib name="value" value="33"/></item>
<item name="BX" rev="135">
<attrib name="value" value="1"/></item>
<item name="C1" rev="135">
<attrib name="value" value="4"/></item>
<item name="C2" rev="135">
<attrib name="value" value="15"/></item>
<item name="C3" rev="135">
<attrib name="value" value="15"/></item>
<item name="C4" rev="135">
<attrib name="value" value="41"/></item>
<item name="C5" rev="135">
<attrib name="value" value="19"/></item>
<item name="C6" rev="135">
<attrib name="value" value="44"/></item>
<item name="CE" rev="135">
<attrib name="value" value="29"/></item>
<item name="CIN" rev="135">
<attrib name="value" value="42"/></item>
<item name="CLK" rev="135">
<attrib name="value" value="47"/></item>
<item name="CMUX" rev="135">
<attrib name="value" value="8"/></item>
<item name="COUT" rev="135">
<attrib name="value" value="38"/></item>
<item name="CQ" rev="135">
<attrib name="value" value="29"/></item>
<item name="CX" rev="135">
<attrib name="value" value="6"/></item>
<item name="D" rev="135">
<attrib name="value" value="3"/></item>
<item name="D1" rev="135">
<attrib name="value" value="2"/></item>
<item name="D2" rev="135">
<attrib name="value" value="14"/></item>
<item name="D3" rev="135">
<attrib name="value" value="15"/></item>
<item name="D4" rev="135">
<attrib name="value" value="40"/></item>
<item name="D5" rev="135">
<attrib name="value" value="21"/></item>
<item name="D6" rev="135">
<attrib name="value" value="46"/></item>
<item name="DMUX" rev="135">
<attrib name="value" value="4"/></item>
<item name="DQ" rev="135">
<attrib name="value" value="32"/></item>
<item name="DX" rev="135">
<attrib name="value" value="6"/></item>
<item name="SR" rev="135">
<attrib name="value" value="26"/></item>
</group>
<group name="PLL_ADV_PLL_ADV">
<item name="CLKFBIN" rev="135">
<attrib name="value" value="1"/></item>
<item name="CLKFBOUT" rev="135">
<attrib name="value" value="1"/></item>
<item name="CLKIN1" rev="135">
<attrib name="value" value="1"/></item>
<item name="CLKOUT0" rev="135">
<attrib name="value" value="1"/></item>
<item name="CLKOUT1" rev="135">
<attrib name="value" value="1"/></item>
<item name="RST" rev="135">
<attrib name="value" value="1"/></item>
</group>
<group name="SLICEM">
<item name="A" rev="135">
<attrib name="value" value="3"/></item>
<item name="A1" rev="135">
<attrib name="value" value="26"/></item>
<item name="A2" rev="135">
<attrib name="value" value="26"/></item>
<item name="A3" rev="135">
<attrib name="value" value="26"/></item>
<item name="A4" rev="135">
<attrib name="value" value="26"/></item>
<item name="A5" rev="135">
<attrib name="value" value="26"/></item>
<item name="A6" rev="135">
<attrib name="value" value="26"/></item>
<item name="AI" rev="135">
<attrib name="value" value="12"/></item>
<item name="AMUX" rev="135">
<attrib name="value" value="4"/></item>
<item name="AQ" rev="135">
<attrib name="value" value="10"/></item>
<item name="AX" rev="135">
<attrib name="value" value="14"/></item>
<item name="B" rev="135">
<attrib name="value" value="1"/></item>
<item name="B1" rev="135">
<attrib name="value" value="24"/></item>
<item name="B2" rev="135">
<attrib name="value" value="24"/></item>
<item name="B3" rev="135">
<attrib name="value" value="24"/></item>
<item name="B4" rev="135">
<attrib name="value" value="24"/></item>
<item name="B5" rev="135">
<attrib name="value" value="24"/></item>
<item name="B6" rev="135">
<attrib name="value" value="24"/></item>
<item name="BI" rev="135">
<attrib name="value" value="10"/></item>
<item name="BMUX" rev="135">
<attrib name="value" value="2"/></item>
<item name="BQ" rev="135">
<attrib name="value" value="10"/></item>
<item name="BX" rev="135">
<attrib name="value" value="12"/></item>
<item name="C" rev="135">
<attrib name="value" value="2"/></item>
<item name="C1" rev="135">
<attrib name="value" value="22"/></item>
<item name="C2" rev="135">
<attrib name="value" value="22"/></item>
<item name="C3" rev="135">
<attrib name="value" value="22"/></item>
<item name="C4" rev="135">
<attrib name="value" value="22"/></item>
<item name="C5" rev="135">
<attrib name="value" value="22"/></item>
<item name="C6" rev="135">
<attrib name="value" value="22"/></item>
<item name="CE" rev="135">
<attrib name="value" value="27"/></item>
<item name="CI" rev="135">
<attrib name="value" value="11"/></item>
<item name="CIN" rev="135">
<attrib name="value" value="4"/></item>
<item name="CLK" rev="135">
<attrib name="value" value="27"/></item>
<item name="COUT" rev="135">
<attrib name="value" value="8"/></item>
<item name="CQ" rev="135">
<attrib name="value" value="10"/></item>
<item name="CX" rev="135">
<attrib name="value" value="11"/></item>
<item name="D" rev="135">
<attrib name="value" value="1"/></item>
<item name="D1" rev="135">
<attrib name="value" value="19"/></item>
<item name="D2" rev="135">
<attrib name="value" value="19"/></item>
<item name="D3" rev="135">
<attrib name="value" value="19"/></item>
<item name="D4" rev="135">
<attrib name="value" value="19"/></item>
<item name="D5" rev="135">
<attrib name="value" value="19"/></item>
<item name="D6" rev="135">
<attrib name="value" value="19"/></item>
<item name="DI" rev="135">
<attrib name="value" value="17"/></item>
<item name="DMUX" rev="135">
<attrib name="value" value="14"/></item>
<item name="DQ" rev="135">
<attrib name="value" value="8"/></item>
<item name="DX" rev="135">
<attrib name="value" value="10"/></item>
</group>
<group name="IOB_OUTBUF">
<item name="IN" rev="135">
<attrib name="value" value="19"/></item>
<item name="OUT" rev="135">
<attrib name="value" value="19"/></item>
<item name="TRI" rev="135">
<attrib name="value" value="16"/></item>
</group>
<group name="SLICEX">
<item name="A" rev="135">
<attrib name="value" value="30"/></item>
<item name="A1" rev="135">
<attrib name="value" value="29"/></item>
<item name="A2" rev="135">
<attrib name="value" value="33"/></item>
<item name="A3" rev="135">
<attrib name="value" value="54"/></item>
<item name="A4" rev="135">
<attrib name="value" value="81"/></item>
<item name="A5" rev="135">
<attrib name="value" value="73"/></item>
<item name="A6" rev="135">
<attrib name="value" value="71"/></item>
<item name="AMUX" rev="135">
<attrib name="value" value="43"/></item>
<item name="AQ" rev="135">
<attrib name="value" value="152"/></item>
<item name="AX" rev="135">
<attrib name="value" value="110"/></item>
<item name="B" rev="135">
<attrib name="value" value="27"/></item>
<item name="B1" rev="135">
<attrib name="value" value="11"/></item>
<item name="B2" rev="135">
<attrib name="value" value="17"/></item>
<item name="B3" rev="135">
<attrib name="value" value="30"/></item>
<item name="B4" rev="135">
<attrib name="value" value="55"/></item>
<item name="B5" rev="135">
<attrib name="value" value="56"/></item>
<item name="B6" rev="135">
<attrib name="value" value="47"/></item>
<item name="BMUX" rev="135">
<attrib name="value" value="39"/></item>
<item name="BQ" rev="135">
<attrib name="value" value="104"/></item>
<item name="BX" rev="135">
<attrib name="value" value="82"/></item>
<item name="C" rev="135">
<attrib name="value" value="14"/></item>
<item name="C1" rev="135">
<attrib name="value" value="11"/></item>
<item name="C2" rev="135">
<attrib name="value" value="14"/></item>
<item name="C3" rev="135">
<attrib name="value" value="25"/></item>
<item name="C4" rev="135">
<attrib name="value" value="46"/></item>
<item name="C5" rev="135">
<attrib name="value" value="44"/></item>
<item name="C6" rev="135">
<attrib name="value" value="37"/></item>
<item name="CE" rev="135">
<attrib name="value" value="66"/></item>
<item name="CLK" rev="135">
<attrib name="value" value="193"/></item>
<item name="CMUX" rev="135">
<attrib name="value" value="28"/></item>
<item name="CQ" rev="135">
<attrib name="value" value="82"/></item>
<item name="CX" rev="135">
<attrib name="value" value="58"/></item>
<item name="D" rev="135">
<attrib name="value" value="29"/></item>
<item name="D1" rev="135">
<attrib name="value" value="7"/></item>
<item name="D2" rev="135">
<attrib name="value" value="12"/></item>
<item name="D3" rev="135">
<attrib name="value" value="25"/></item>
<item name="D4" rev="135">
<attrib name="value" value="47"/></item>
<item name="D5" rev="135">
<attrib name="value" value="48"/></item>
<item name="D6" rev="135">
<attrib name="value" value="45"/></item>
<item name="DMUX" rev="135">
<attrib name="value" value="30"/></item>
<item name="DQ" rev="135">
<attrib name="value" value="88"/></item>
<item name="DX" rev="135">
<attrib name="value" value="67"/></item>
<item name="SR" rev="135">
<attrib name="value" value="77"/></item>
</group>
<group name="BSCAN">
<item name="DRCK" rev="135">
<attrib name="value" value="1"/></item>
<item name="SEL" rev="135">
<attrib name="value" value="1"/></item>
<item name="SHIFT" rev="135">
<attrib name="value" value="1"/></item>
<item name="TDI" rev="135">
<attrib name="value" value="1"/></item>
<item name="TDO" rev="135">
<attrib name="value" value="1"/></item>
<item name="UPDATE" rev="135">
<attrib name="value" value="1"/></item>
</group>
<group name="BUFG_BUFG">
<item name="I0" rev="135">
<attrib name="value" value="6"/></item>
<item name="O" rev="135">
<attrib name="value" value="6"/></item>
</group>
<group name="ILOGIC2_IFF">
<item name="CE0" rev="109">
<attrib name="value" value="14"/></item>
<item name="CLK0" rev="109">
<attrib name="value" value="14"/></item>
<item name="D" rev="109">
<attrib name="value" value="14"/></item>
<item name="Q1" rev="109">
<attrib name="value" value="14"/></item>
</group>
<group name="PAD">
<item name="PAD" rev="135">
<attrib name="value" value="48"/></item>
</group>
<group name="BUFIO2FB">
<item name="I" rev="135">
<attrib name="value" value="1"/></item>
<item name="O" rev="135">
<attrib name="value" value="1"/></item>
</group>
<group name="BSCAN_BSCAN">
<item name="DRCK" rev="135">
<attrib name="value" value="1"/></item>
<item name="SEL" rev="135">
<attrib name="value" value="1"/></item>
<item name="SHIFT" rev="135">
<attrib name="value" value="1"/></item>
<item name="TDI" rev="135">
<attrib name="value" value="1"/></item>
<item name="TDO" rev="135">
<attrib name="value" value="1"/></item>
<item name="UPDATE" rev="135">
<attrib name="value" value="1"/></item>
</group>
<group name="BUFIO2FB_BUFIO2FB">
<item name="I" rev="135">
<attrib name="value" value="1"/></item>
<item name="O" rev="135">
<attrib name="value" value="1"/></item>
</group>
<group name="IOB_INBUF">
<item name="DIFFI_IN" rev="135">
<attrib name="value" value="4"/></item>
<item name="OUT" rev="135">
<attrib name="value" value="41"/></item>
<item name="PAD" rev="135">
<attrib name="value" value="41"/></item>
</group>
<group name="PLL_ADV">
<item name="CLKFBIN" rev="135">
<attrib name="value" value="1"/></item>
<item name="CLKFBOUT" rev="135">
<attrib name="value" value="1"/></item>
<item name="CLKIN1" rev="135">
<attrib name="value" value="1"/></item>
<item name="CLKOUT0" rev="135">
<attrib name="value" value="1"/></item>
<item name="CLKOUT1" rev="135">
<attrib name="value" value="1"/></item>
<item name="RST" rev="135">
<attrib name="value" value="1"/></item>
</group>
<group name="RAMB16BWER">
<item name="ADDRA0" rev="135">
<attrib name="value" value="21"/></item>
<item name="ADDRA1" rev="135">
<attrib name="value" value="21"/></item>
<item name="ADDRA10" rev="135">
<attrib name="value" value="21"/></item>
<item name="ADDRA11" rev="135">
<attrib name="value" value="21"/></item>
<item name="ADDRA12" rev="135">
<attrib name="value" value="21"/></item>
<item name="ADDRA13" rev="135">
<attrib name="value" value="21"/></item>
<item name="ADDRA2" rev="135">
<attrib name="value" value="21"/></item>
<item name="ADDRA3" rev="135">
<attrib name="value" value="21"/></item>
<item name="ADDRA4" rev="135">
<attrib name="value" value="21"/></item>
<item name="ADDRA5" rev="135">
<attrib name="value" value="21"/></item>
<item name="ADDRA6" rev="135">
<attrib name="value" value="21"/></item>
<item name="ADDRA7" rev="135">
<attrib name="value" value="21"/></item>
<item name="ADDRA8" rev="135">
<attrib name="value" value="21"/></item>
<item name="ADDRA9" rev="135">
<attrib name="value" value="21"/></item>
<item name="ADDRB0" rev="135">
<attrib name="value" value="21"/></item>
<item name="ADDRB1" rev="135">
<attrib name="value" value="21"/></item>
<item name="ADDRB10" rev="135">
<attrib name="value" value="21"/></item>
<item name="ADDRB11" rev="135">
<attrib name="value" value="21"/></item>
<item name="ADDRB12" rev="135">
<attrib name="value" value="21"/></item>
<item name="ADDRB13" rev="135">
<attrib name="value" value="21"/></item>
<item name="ADDRB2" rev="135">
<attrib name="value" value="21"/></item>
<item name="ADDRB3" rev="135">
<attrib name="value" value="21"/></item>
<item name="ADDRB4" rev="135">
<attrib name="value" value="21"/></item>
<item name="ADDRB5" rev="135">
<attrib name="value" value="21"/></item>
<item name="ADDRB6" rev="135">
<attrib name="value" value="21"/></item>
<item name="ADDRB7" rev="135">
<attrib name="value" value="21"/></item>
<item name="ADDRB8" rev="135">
<attrib name="value" value="21"/></item>
<item name="ADDRB9" rev="135">
<attrib name="value" value="21"/></item>
<item name="CLKA" rev="135">
<attrib name="value" value="21"/></item>
<item name="CLKB" rev="135">
<attrib name="value" value="21"/></item>
<item name="DIA0" rev="135">
<attrib name="value" value="21"/></item>
<item name="DIA1" rev="135">
<attrib name="value" value="21"/></item>
<item name="DIA10" rev="135">
<attrib name="value" value="21"/></item>
<item name="DIA11" rev="135">
<attrib name="value" value="21"/></item>
<item name="DIA12" rev="135">
<attrib name="value" value="21"/></item>
<item name="DIA13" rev="135">
<attrib name="value" value="21"/></item>
<item name="DIA14" rev="135">
<attrib name="value" value="21"/></item>
<item name="DIA15" rev="135">
<attrib name="value" value="21"/></item>
<item name="DIA16" rev="135">
<attrib name="value" value="21"/></item>
<item name="DIA17" rev="135">
<attrib name="value" value="21"/></item>
<item name="DIA18" rev="135">
<attrib name="value" value="21"/></item>
<item name="DIA19" rev="135">
<attrib name="value" value="21"/></item>
<item name="DIA2" rev="135">
<attrib name="value" value="21"/></item>
<item name="DIA20" rev="135">
<attrib name="value" value="21"/></item>
<item name="DIA21" rev="135">
<attrib name="value" value="21"/></item>
<item name="DIA22" rev="135">
<attrib name="value" value="21"/></item>
<item name="DIA23" rev="135">
<attrib name="value" value="21"/></item>
<item name="DIA24" rev="135">
<attrib name="value" value="21"/></item>
<item name="DIA25" rev="135">
<attrib name="value" value="21"/></item>
<item name="DIA26" rev="135">
<attrib name="value" value="21"/></item>
<item name="DIA27" rev="135">
<attrib name="value" value="21"/></item>
<item name="DIA28" rev="135">
<attrib name="value" value="21"/></item>
<item name="DIA29" rev="135">
<attrib name="value" value="21"/></item>
<item name="DIA3" rev="135">
<attrib name="value" value="21"/></item>
<item name="DIA30" rev="135">
<attrib name="value" value="21"/></item>
<item name="DIA31" rev="135">
<attrib name="value" value="21"/></item>
<item name="DIA4" rev="135">
<attrib name="value" value="21"/></item>
<item name="DIA5" rev="135">
<attrib name="value" value="21"/></item>
<item name="DIA6" rev="135">
<attrib name="value" value="21"/></item>
<item name="DIA7" rev="135">
<attrib name="value" value="21"/></item>
<item name="DIA8" rev="135">
<attrib name="value" value="21"/></item>
<item name="DIA9" rev="135">
<attrib name="value" value="21"/></item>
<item name="DIB0" rev="135">
<attrib name="value" value="21"/></item>
<item name="DIB1" rev="135">
<attrib name="value" value="21"/></item>
<item name="DIB10" rev="135">
<attrib name="value" value="21"/></item>
<item name="DIB11" rev="135">
<attrib name="value" value="21"/></item>
<item name="DIB12" rev="135">
<attrib name="value" value="21"/></item>
<item name="DIB13" rev="135">
<attrib name="value" value="21"/></item>
<item name="DIB14" rev="135">
<attrib name="value" value="21"/></item>
<item name="DIB15" rev="135">
<attrib name="value" value="21"/></item>
<item name="DIB16" rev="135">
<attrib name="value" value="21"/></item>
<item name="DIB17" rev="135">
<attrib name="value" value="21"/></item>
<item name="DIB18" rev="135">
<attrib name="value" value="21"/></item>
<item name="DIB19" rev="135">
<attrib name="value" value="21"/></item>
<item name="DIB2" rev="135">
<attrib name="value" value="21"/></item>
<item name="DIB20" rev="135">
<attrib name="value" value="21"/></item>
<item name="DIB21" rev="135">
<attrib name="value" value="21"/></item>
<item name="DIB22" rev="135">
<attrib name="value" value="21"/></item>
<item name="DIB23" rev="135">
<attrib name="value" value="21"/></item>
<item name="DIB24" rev="135">
<attrib name="value" value="21"/></item>
<item name="DIB25" rev="135">
<attrib name="value" value="21"/></item>
<item name="DIB26" rev="135">
<attrib name="value" value="21"/></item>
<item name="DIB27" rev="135">
<attrib name="value" value="21"/></item>
<item name="DIB28" rev="135">
<attrib name="value" value="21"/></item>
<item name="DIB29" rev="135">
<attrib name="value" value="21"/></item>
<item name="DIB3" rev="135">
<attrib name="value" value="21"/></item>
<item name="DIB30" rev="135">
<attrib name="value" value="21"/></item>
<item name="DIB31" rev="135">
<attrib name="value" value="21"/></item>
<item name="DIB4" rev="135">
<attrib name="value" value="21"/></item>
<item name="DIB5" rev="135">
<attrib name="value" value="21"/></item>
<item name="DIB6" rev="135">
<attrib name="value" value="21"/></item>
<item name="DIB7" rev="135">
<attrib name="value" value="21"/></item>
<item name="DIB8" rev="135">
<attrib name="value" value="21"/></item>
<item name="DIB9" rev="135">
<attrib name="value" value="21"/></item>
<item name="DIPA0" rev="135">
<attrib name="value" value="21"/></item>
<item name="DIPA1" rev="135">
<attrib name="value" value="21"/></item>
<item name="DIPA2" rev="135">
<attrib name="value" value="21"/></item>
<item name="DIPA3" rev="135">
<attrib name="value" value="21"/></item>
<item name="DIPB0" rev="135">
<attrib name="value" value="21"/></item>
<item name="DIPB1" rev="135">
<attrib name="value" value="21"/></item>
<item name="DIPB2" rev="135">
<attrib name="value" value="21"/></item>
<item name="DIPB3" rev="135">
<attrib name="value" value="21"/></item>
<item name="DOA0" rev="135">
<attrib name="value" value="19"/></item>
<item name="DOA1" rev="135">
<attrib name="value" value="19"/></item>
<item name="DOB0" rev="135">
<attrib name="value" value="2"/></item>
<item name="DOB1" rev="135">
<attrib name="value" value="2"/></item>
<item name="DOB10" rev="135">
<attrib name="value" value="2"/></item>
<item name="DOB11" rev="135">
<attrib name="value" value="2"/></item>
<item name="DOB12" rev="135">
<attrib name="value" value="2"/></item>
<item name="DOB13" rev="135">
<attrib name="value" value="2"/></item>
<item name="DOB14" rev="135">
<attrib name="value" value="2"/></item>
<item name="DOB15" rev="135">
<attrib name="value" value="2"/></item>
<item name="DOB2" rev="135">
<attrib name="value" value="2"/></item>
<item name="DOB3" rev="135">
<attrib name="value" value="2"/></item>
<item name="DOB4" rev="135">
<attrib name="value" value="2"/></item>
<item name="DOB5" rev="135">
<attrib name="value" value="2"/></item>
<item name="DOB6" rev="135">
<attrib name="value" value="2"/></item>
<item name="DOB7" rev="135">
<attrib name="value" value="2"/></item>
<item name="DOB8" rev="135">
<attrib name="value" value="2"/></item>
<item name="DOB9" rev="135">
<attrib name="value" value="2"/></item>
<item name="DOPB0" rev="135">
<attrib name="value" value="2"/></item>
<item name="DOPB1" rev="135">
<attrib name="value" value="2"/></item>
<item name="ENA" rev="135">
<attrib name="value" value="21"/></item>
<item name="ENB" rev="135">
<attrib name="value" value="21"/></item>
<item name="REGCEA" rev="135">
<attrib name="value" value="21"/></item>
<item name="REGCEB" rev="135">
<attrib name="value" value="21"/></item>
<item name="RSTA" rev="135">
<attrib name="value" value="21"/></item>
<item name="RSTB" rev="135">
<attrib name="value" value="21"/></item>
<item name="WEA0" rev="135">
<attrib name="value" value="21"/></item>
<item name="WEA1" rev="135">
<attrib name="value" value="21"/></item>
<item name="WEA2" rev="135">
<attrib name="value" value="21"/></item>
<item name="WEA3" rev="135">
<attrib name="value" value="21"/></item>
<item name="WEB0" rev="135">
<attrib name="value" value="21"/></item>
<item name="WEB1" rev="135">
<attrib name="value" value="21"/></item>
<item name="WEB2" rev="135">
<attrib name="value" value="21"/></item>
<item name="WEB3" rev="135">
<attrib name="value" value="21"/></item>
</group>
<group name="RAMB8BWER">
<item name="ADDRAWRADDR0" rev="135">
<attrib name="value" value="1"/></item>
<item name="ADDRAWRADDR1" rev="135">
<attrib name="value" value="1"/></item>
<item name="ADDRAWRADDR10" rev="135">
<attrib name="value" value="1"/></item>
<item name="ADDRAWRADDR11" rev="135">
<attrib name="value" value="1"/></item>
<item name="ADDRAWRADDR12" rev="135">
<attrib name="value" value="1"/></item>
<item name="ADDRAWRADDR2" rev="135">
<attrib name="value" value="1"/></item>
<item name="ADDRAWRADDR3" rev="135">
<attrib name="value" value="1"/></item>
<item name="ADDRAWRADDR4" rev="135">
<attrib name="value" value="1"/></item>
<item name="ADDRAWRADDR5" rev="135">
<attrib name="value" value="1"/></item>
<item name="ADDRAWRADDR6" rev="135">
<attrib name="value" value="1"/></item>
<item name="ADDRAWRADDR7" rev="135">
<attrib name="value" value="1"/></item>
<item name="ADDRAWRADDR8" rev="135">
<attrib name="value" value="1"/></item>
<item name="ADDRAWRADDR9" rev="135">
<attrib name="value" value="1"/></item>
<item name="ADDRBRDADDR0" rev="135">
<attrib name="value" value="1"/></item>
<item name="ADDRBRDADDR1" rev="135">
<attrib name="value" value="1"/></item>
<item name="ADDRBRDADDR10" rev="135">
<attrib name="value" value="1"/></item>
<item name="ADDRBRDADDR11" rev="135">
<attrib name="value" value="1"/></item>
<item name="ADDRBRDADDR12" rev="135">
<attrib name="value" value="1"/></item>
<item name="ADDRBRDADDR2" rev="135">
<attrib name="value" value="1"/></item>
<item name="ADDRBRDADDR3" rev="135">
<attrib name="value" value="1"/></item>
<item name="ADDRBRDADDR4" rev="135">
<attrib name="value" value="1"/></item>
<item name="ADDRBRDADDR5" rev="135">
<attrib name="value" value="1"/></item>
<item name="ADDRBRDADDR6" rev="135">
<attrib name="value" value="1"/></item>
<item name="ADDRBRDADDR7" rev="135">
<attrib name="value" value="1"/></item>
<item name="ADDRBRDADDR8" rev="135">
<attrib name="value" value="1"/></item>
<item name="ADDRBRDADDR9" rev="135">
<attrib name="value" value="1"/></item>
<item name="CLKAWRCLK" rev="135">
<attrib name="value" value="1"/></item>
<item name="CLKBRDCLK" rev="135">
<attrib name="value" value="1"/></item>
<item name="DIADI0" rev="135">
<attrib name="value" value="1"/></item>
<item name="DIADI1" rev="135">
<attrib name="value" value="1"/></item>
<item name="DIADI10" rev="135">
<attrib name="value" value="1"/></item>
<item name="DIADI11" rev="135">
<attrib name="value" value="1"/></item>
<item name="DIADI12" rev="135">
<attrib name="value" value="1"/></item>
<item name="DIADI13" rev="135">
<attrib name="value" value="1"/></item>
<item name="DIADI14" rev="135">
<attrib name="value" value="1"/></item>
<item name="DIADI15" rev="135">
<attrib name="value" value="1"/></item>
<item name="DIADI2" rev="135">
<attrib name="value" value="1"/></item>
<item name="DIADI3" rev="135">
<attrib name="value" value="1"/></item>
<item name="DIADI4" rev="135">
<attrib name="value" value="1"/></item>
<item name="DIADI5" rev="135">
<attrib name="value" value="1"/></item>
<item name="DIADI6" rev="135">
<attrib name="value" value="1"/></item>
<item name="DIADI7" rev="135">
<attrib name="value" value="1"/></item>
<item name="DIADI8" rev="135">
<attrib name="value" value="1"/></item>
<item name="DIADI9" rev="135">
<attrib name="value" value="1"/></item>
<item name="DIBDI0" rev="135">
<attrib name="value" value="1"/></item>
<item name="DIBDI1" rev="135">
<attrib name="value" value="1"/></item>
<item name="DIBDI10" rev="135">
<attrib name="value" value="1"/></item>
<item name="DIBDI11" rev="135">
<attrib name="value" value="1"/></item>
<item name="DIBDI12" rev="135">
<attrib name="value" value="1"/></item>
<item name="DIBDI13" rev="135">
<attrib name="value" value="1"/></item>
<item name="DIBDI14" rev="135">
<attrib name="value" value="1"/></item>
<item name="DIBDI15" rev="135">
<attrib name="value" value="1"/></item>
<item name="DIBDI2" rev="135">
<attrib name="value" value="1"/></item>
<item name="DIBDI3" rev="135">
<attrib name="value" value="1"/></item>
<item name="DIBDI4" rev="135">
<attrib name="value" value="1"/></item>
<item name="DIBDI5" rev="135">
<attrib name="value" value="1"/></item>
<item name="DIBDI6" rev="135">
<attrib name="value" value="1"/></item>
<item name="DIBDI7" rev="135">
<attrib name="value" value="1"/></item>
<item name="DIBDI8" rev="135">
<attrib name="value" value="1"/></item>
<item name="DIBDI9" rev="135">
<attrib name="value" value="1"/></item>
<item name="DIPADIP0" rev="135">
<attrib name="value" value="1"/></item>
<item name="DIPADIP1" rev="135">
<attrib name="value" value="1"/></item>
<item name="DIPBDIP0" rev="135">
<attrib name="value" value="1"/></item>
<item name="DIPBDIP1" rev="135">
<attrib name="value" value="1"/></item>
<item name="DOADO0" rev="135">
<attrib name="value" value="1"/></item>
<item name="ENAWREN" rev="135">
<attrib name="value" value="1"/></item>
<item name="ENBRDEN" rev="135">
<attrib name="value" value="1"/></item>
<item name="REGCEA" rev="135">
<attrib name="value" value="1"/></item>
<item name="REGCEBREGCE" rev="135">
<attrib name="value" value="1"/></item>
<item name="RSTA" rev="135">
<attrib name="value" value="1"/></item>
<item name="RSTBRST" rev="135">
<attrib name="value" value="1"/></item>
<item name="WEAWEL0" rev="135">
<attrib name="value" value="1"/></item>
<item name="WEAWEL1" rev="135">
<attrib name="value" value="1"/></item>
<item name="WEBWEU0" rev="135">
<attrib name="value" value="1"/></item>
<item name="WEBWEU1" rev="135">
<attrib name="value" value="1"/></item>
</group>
<group name="CARRY4">
<item name="CIN" rev="135">
<attrib name="value" value="46"/></item>
<item name="CO0" rev="135">
<attrib name="value" value="14"/></item>
<item name="CO3" rev="135">
<attrib name="value" value="46"/></item>
<item name="CYINIT" rev="135">
<attrib name="value" value="26"/></item>
<item name="DI0" rev="135">
<attrib name="value" value="65"/></item>
<item name="DI1" rev="135">
<attrib name="value" value="48"/></item>
<item name="DI2" rev="135">
<attrib name="value" value="47"/></item>
<item name="DI3" rev="135">
<attrib name="value" value="46"/></item>
<item name="O0" rev="135">
<attrib name="value" value="40"/></item>
<item name="O1" rev="135">
<attrib name="value" value="37"/></item>
<item name="O2" rev="135">
<attrib name="value" value="30"/></item>
<item name="O3" rev="135">
<attrib name="value" value="29"/></item>
<item name="S0" rev="135">
<attrib name="value" value="72"/></item>
<item name="S1" rev="135">
<attrib name="value" value="55"/></item>
<item name="S2" rev="135">
<attrib name="value" value="48"/></item>
<item name="S3" rev="135">
<attrib name="value" value="47"/></item>
</group>
<group name="BUFIO2_BUFIO2">
<item name="DIVCLK" rev="135">
<attrib name="value" value="1"/></item>
<item name="I" rev="135">
<attrib name="value" value="1"/></item>
</group>
<group name="LUT5">
<item name="A1" rev="135">
<attrib name="value" value="19"/></item>
<item name="A2" rev="135">
<attrib name="value" value="27"/></item>
<item name="A3" rev="135">
<attrib name="value" value="52"/></item>
<item name="A4" rev="135">
<attrib name="value" value="84"/></item>
<item name="A5" rev="135">
<attrib name="value" value="47"/></item>
<item name="O5" rev="135">
<attrib name="value" value="314"/></item>
</group>
<group name="LUT6">
<item name="A1" rev="135">
<attrib name="value" value="48"/></item>
<item name="A2" rev="135">
<attrib name="value" value="113"/></item>
<item name="A3" rev="135">
<attrib name="value" value="168"/></item>
<item name="A4" rev="135">
<attrib name="value" value="355"/></item>
<item name="A5" rev="135">
<attrib name="value" value="275"/></item>
<item name="A6" rev="135">
<attrib name="value" value="394"/></item>
<item name="O6" rev="135">
<attrib name="value" value="410"/></item>
</group>
<group name="RAMB16BWER_RAMB16BWER">
<item name="ADDRA0" rev="135">
<attrib name="value" value="21"/></item>
<item name="ADDRA1" rev="135">
<attrib name="value" value="21"/></item>
<item name="ADDRA10" rev="135">
<attrib name="value" value="21"/></item>
<item name="ADDRA11" rev="135">
<attrib name="value" value="21"/></item>
<item name="ADDRA12" rev="135">
<attrib name="value" value="21"/></item>
<item name="ADDRA13" rev="135">
<attrib name="value" value="21"/></item>
<item name="ADDRA2" rev="135">
<attrib name="value" value="21"/></item>
<item name="ADDRA3" rev="135">
<attrib name="value" value="21"/></item>
<item name="ADDRA4" rev="135">
<attrib name="value" value="21"/></item>
<item name="ADDRA5" rev="135">
<attrib name="value" value="21"/></item>
<item name="ADDRA6" rev="135">
<attrib name="value" value="21"/></item>
<item name="ADDRA7" rev="135">
<attrib name="value" value="21"/></item>
<item name="ADDRA8" rev="135">
<attrib name="value" value="21"/></item>
<item name="ADDRA9" rev="135">
<attrib name="value" value="21"/></item>
<item name="ADDRB0" rev="135">
<attrib name="value" value="21"/></item>
<item name="ADDRB1" rev="135">
<attrib name="value" value="21"/></item>
<item name="ADDRB10" rev="135">
<attrib name="value" value="21"/></item>
<item name="ADDRB11" rev="135">
<attrib name="value" value="21"/></item>
<item name="ADDRB12" rev="135">
<attrib name="value" value="21"/></item>
<item name="ADDRB13" rev="135">
<attrib name="value" value="21"/></item>
<item name="ADDRB2" rev="135">
<attrib name="value" value="21"/></item>
<item name="ADDRB3" rev="135">
<attrib name="value" value="21"/></item>
<item name="ADDRB4" rev="135">
<attrib name="value" value="21"/></item>
<item name="ADDRB5" rev="135">
<attrib name="value" value="21"/></item>
<item name="ADDRB6" rev="135">
<attrib name="value" value="21"/></item>
<item name="ADDRB7" rev="135">
<attrib name="value" value="21"/></item>
<item name="ADDRB8" rev="135">
<attrib name="value" value="21"/></item>
<item name="ADDRB9" rev="135">
<attrib name="value" value="21"/></item>
<item name="CLKA" rev="135">
<attrib name="value" value="21"/></item>
<item name="CLKB" rev="135">
<attrib name="value" value="21"/></item>
<item name="DIA0" rev="135">
<attrib name="value" value="21"/></item>
<item name="DIA1" rev="135">
<attrib name="value" value="21"/></item>
<item name="DIA10" rev="135">
<attrib name="value" value="21"/></item>
<item name="DIA11" rev="135">
<attrib name="value" value="21"/></item>
<item name="DIA12" rev="135">
<attrib name="value" value="21"/></item>
<item name="DIA13" rev="135">
<attrib name="value" value="21"/></item>
<item name="DIA14" rev="135">
<attrib name="value" value="21"/></item>
<item name="DIA15" rev="135">
<attrib name="value" value="21"/></item>
<item name="DIA16" rev="135">
<attrib name="value" value="21"/></item>
<item name="DIA17" rev="135">
<attrib name="value" value="21"/></item>
<item name="DIA18" rev="135">
<attrib name="value" value="21"/></item>
<item name="DIA19" rev="135">
<attrib name="value" value="21"/></item>
<item name="DIA2" rev="135">
<attrib name="value" value="21"/></item>
<item name="DIA20" rev="135">
<attrib name="value" value="21"/></item>
<item name="DIA21" rev="135">
<attrib name="value" value="21"/></item>
<item name="DIA22" rev="135">
<attrib name="value" value="21"/></item>
<item name="DIA23" rev="135">
<attrib name="value" value="21"/></item>
<item name="DIA24" rev="135">
<attrib name="value" value="21"/></item>
<item name="DIA25" rev="135">
<attrib name="value" value="21"/></item>
<item name="DIA26" rev="135">
<attrib name="value" value="21"/></item>
<item name="DIA27" rev="135">
<attrib name="value" value="21"/></item>
<item name="DIA28" rev="135">
<attrib name="value" value="21"/></item>
<item name="DIA29" rev="135">
<attrib name="value" value="21"/></item>
<item name="DIA3" rev="135">
<attrib name="value" value="21"/></item>
<item name="DIA30" rev="135">
<attrib name="value" value="21"/></item>
<item name="DIA31" rev="135">
<attrib name="value" value="21"/></item>
<item name="DIA4" rev="135">
<attrib name="value" value="21"/></item>
<item name="DIA5" rev="135">
<attrib name="value" value="21"/></item>
<item name="DIA6" rev="135">
<attrib name="value" value="21"/></item>
<item name="DIA7" rev="135">
<attrib name="value" value="21"/></item>
<item name="DIA8" rev="135">
<attrib name="value" value="21"/></item>
<item name="DIA9" rev="135">
<attrib name="value" value="21"/></item>
<item name="DIB0" rev="135">
<attrib name="value" value="21"/></item>
<item name="DIB1" rev="135">
<attrib name="value" value="21"/></item>
<item name="DIB10" rev="135">
<attrib name="value" value="21"/></item>
<item name="DIB11" rev="135">
<attrib name="value" value="21"/></item>
<item name="DIB12" rev="135">
<attrib name="value" value="21"/></item>
<item name="DIB13" rev="135">
<attrib name="value" value="21"/></item>
<item name="DIB14" rev="135">
<attrib name="value" value="21"/></item>
<item name="DIB15" rev="135">
<attrib name="value" value="21"/></item>
<item name="DIB16" rev="135">
<attrib name="value" value="21"/></item>
<item name="DIB17" rev="135">
<attrib name="value" value="21"/></item>
<item name="DIB18" rev="135">
<attrib name="value" value="21"/></item>
<item name="DIB19" rev="135">
<attrib name="value" value="21"/></item>
<item name="DIB2" rev="135">
<attrib name="value" value="21"/></item>
<item name="DIB20" rev="135">
<attrib name="value" value="21"/></item>
<item name="DIB21" rev="135">
<attrib name="value" value="21"/></item>
<item name="DIB22" rev="135">
<attrib name="value" value="21"/></item>
<item name="DIB23" rev="135">
<attrib name="value" value="21"/></item>
<item name="DIB24" rev="135">
<attrib name="value" value="21"/></item>
<item name="DIB25" rev="135">
<attrib name="value" value="21"/></item>
<item name="DIB26" rev="135">
<attrib name="value" value="21"/></item>
<item name="DIB27" rev="135">
<attrib name="value" value="21"/></item>
<item name="DIB28" rev="135">
<attrib name="value" value="21"/></item>
<item name="DIB29" rev="135">
<attrib name="value" value="21"/></item>
<item name="DIB3" rev="135">
<attrib name="value" value="21"/></item>
<item name="DIB30" rev="135">
<attrib name="value" value="21"/></item>
<item name="DIB31" rev="135">
<attrib name="value" value="21"/></item>
<item name="DIB4" rev="135">
<attrib name="value" value="21"/></item>
<item name="DIB5" rev="135">
<attrib name="value" value="21"/></item>
<item name="DIB6" rev="135">
<attrib name="value" value="21"/></item>
<item name="DIB7" rev="135">
<attrib name="value" value="21"/></item>
<item name="DIB8" rev="135">
<attrib name="value" value="21"/></item>
<item name="DIB9" rev="135">
<attrib name="value" value="21"/></item>
<item name="DIPA0" rev="135">
<attrib name="value" value="21"/></item>
<item name="DIPA1" rev="135">
<attrib name="value" value="21"/></item>
<item name="DIPA2" rev="135">
<attrib name="value" value="21"/></item>
<item name="DIPA3" rev="135">
<attrib name="value" value="21"/></item>
<item name="DIPB0" rev="135">
<attrib name="value" value="21"/></item>
<item name="DIPB1" rev="135">
<attrib name="value" value="21"/></item>
<item name="DIPB2" rev="135">
<attrib name="value" value="21"/></item>
<item name="DIPB3" rev="135">
<attrib name="value" value="21"/></item>
<item name="DOA0" rev="135">
<attrib name="value" value="19"/></item>
<item name="DOA1" rev="135">
<attrib name="value" value="19"/></item>
<item name="DOB0" rev="135">
<attrib name="value" value="2"/></item>
<item name="DOB1" rev="135">
<attrib name="value" value="2"/></item>
<item name="DOB10" rev="135">
<attrib name="value" value="2"/></item>
<item name="DOB11" rev="135">
<attrib name="value" value="2"/></item>
<item name="DOB12" rev="135">
<attrib name="value" value="2"/></item>
<item name="DOB13" rev="135">
<attrib name="value" value="2"/></item>
<item name="DOB14" rev="135">
<attrib name="value" value="2"/></item>
<item name="DOB15" rev="135">
<attrib name="value" value="2"/></item>
<item name="DOB2" rev="135">
<attrib name="value" value="2"/></item>
<item name="DOB3" rev="135">
<attrib name="value" value="2"/></item>
<item name="DOB4" rev="135">
<attrib name="value" value="2"/></item>
<item name="DOB5" rev="135">
<attrib name="value" value="2"/></item>
<item name="DOB6" rev="135">
<attrib name="value" value="2"/></item>
<item name="DOB7" rev="135">
<attrib name="value" value="2"/></item>
<item name="DOB8" rev="135">
<attrib name="value" value="2"/></item>
<item name="DOB9" rev="135">
<attrib name="value" value="2"/></item>
<item name="DOPB0" rev="135">
<attrib name="value" value="2"/></item>
<item name="DOPB1" rev="135">
<attrib name="value" value="2"/></item>
<item name="ENA" rev="135">
<attrib name="value" value="21"/></item>
<item name="ENB" rev="135">
<attrib name="value" value="21"/></item>
<item name="REGCEA" rev="135">
<attrib name="value" value="21"/></item>
<item name="REGCEB" rev="135">
<attrib name="value" value="21"/></item>
<item name="RSTA" rev="135">
<attrib name="value" value="21"/></item>
<item name="RSTB" rev="135">
<attrib name="value" value="21"/></item>
<item name="WEA0" rev="135">
<attrib name="value" value="21"/></item>
<item name="WEA1" rev="135">
<attrib name="value" value="21"/></item>
<item name="WEA2" rev="135">
<attrib name="value" value="21"/></item>
<item name="WEA3" rev="135">
<attrib name="value" value="21"/></item>
<item name="WEB0" rev="135">
<attrib name="value" value="21"/></item>
<item name="WEB1" rev="135">
<attrib name="value" value="21"/></item>
<item name="WEB2" rev="135">
<attrib name="value" value="21"/></item>
<item name="WEB3" rev="135">
<attrib name="value" value="21"/></item>
</group>
<group name="SELMUX2_1">
<item name="0" rev="135">
<attrib name="value" value="13"/></item>
<item name="1" rev="135">
<attrib name="value" value="13"/></item>
<item name="OUT" rev="135">
<attrib name="value" value="13"/></item>
<item name="S0" rev="135">
<attrib name="value" value="13"/></item>
</group>
<group name="INVERTER">
<item name="IN" rev="135">
<attrib name="value" value="1"/></item>
<item name="OUT" rev="135">
<attrib name="value" value="1"/></item>
</group>
<group name="IOB_IMUX">
<item name="I" rev="135">
<attrib name="value" value="40"/></item>
<item name="I_B" rev="135">
<attrib name="value" value="1"/></item>
<item name="OUT" rev="135">
<attrib name="value" value="41"/></item>
</group>
<group name="ILOGIC2">
<item name="CE0" rev="109">
<attrib name="value" value="14"/></item>
<item name="CLK0" rev="109">
<attrib name="value" value="14"/></item>
<item name="D" rev="109">
<attrib name="value" value="14"/></item>
<item name="Q4" rev="109">
<attrib name="value" value="14"/></item>
</group>
<group name="IOB">
<item name="DIFFI_IN" rev="135">
<attrib name="value" value="4"/></item>
<item name="I" rev="135">
<attrib name="value" value="41"/></item>
<item name="O" rev="135">
<attrib name="value" value="19"/></item>
<item name="PAD" rev="135">
<attrib name="value" value="48"/></item>
<item name="PADOUT" rev="135">
<attrib name="value" value="4"/></item>
<item name="T" rev="135">
<attrib name="value" value="16"/></item>
</group>
<group name="HARD0">
<item name="0" rev="135">
<attrib name="value" value="6"/></item>
</group>
<group name="HARD1">
<item name="1" rev="135">
<attrib name="value" value="20"/></item>
</group>
<group name="FF_SR">
<item name="CE" rev="135">
<attrib name="value" value="35"/></item>
<item name="CK" rev="135">
<attrib name="value" value="123"/></item>
<item name="D" rev="135">
<attrib name="value" value="123"/></item>
<item name="Q" rev="135">
<attrib name="value" value="123"/></item>
<item name="SR" rev="135">
<attrib name="value" value="41"/></item>
</group>
<group name="BUFG">
<item name="I0" rev="135">
<attrib name="value" value="6"/></item>
<item name="O" rev="135">
<attrib name="value" value="6"/></item>
</group>
<group name="RAMB8BWER_RAMB8BWER">
<item name="ADDRAWRADDR0" rev="135">
<attrib name="value" value="1"/></item>
<item name="ADDRAWRADDR1" rev="135">
<attrib name="value" value="1"/></item>
<item name="ADDRAWRADDR10" rev="135">
<attrib name="value" value="1"/></item>
<item name="ADDRAWRADDR11" rev="135">
<attrib name="value" value="1"/></item>
<item name="ADDRAWRADDR12" rev="135">
<attrib name="value" value="1"/></item>
<item name="ADDRAWRADDR2" rev="135">
<attrib name="value" value="1"/></item>
<item name="ADDRAWRADDR3" rev="135">
<attrib name="value" value="1"/></item>
<item name="ADDRAWRADDR4" rev="135">
<attrib name="value" value="1"/></item>
<item name="ADDRAWRADDR5" rev="135">
<attrib name="value" value="1"/></item>
<item name="ADDRAWRADDR6" rev="135">
<attrib name="value" value="1"/></item>
<item name="ADDRAWRADDR7" rev="135">
<attrib name="value" value="1"/></item>
<item name="ADDRAWRADDR8" rev="135">
<attrib name="value" value="1"/></item>
<item name="ADDRAWRADDR9" rev="135">
<attrib name="value" value="1"/></item>
<item name="ADDRBRDADDR0" rev="135">
<attrib name="value" value="1"/></item>
<item name="ADDRBRDADDR1" rev="135">
<attrib name="value" value="1"/></item>
<item name="ADDRBRDADDR10" rev="135">
<attrib name="value" value="1"/></item>
<item name="ADDRBRDADDR11" rev="135">
<attrib name="value" value="1"/></item>
<item name="ADDRBRDADDR12" rev="135">
<attrib name="value" value="1"/></item>
<item name="ADDRBRDADDR2" rev="135">
<attrib name="value" value="1"/></item>
<item name="ADDRBRDADDR3" rev="135">
<attrib name="value" value="1"/></item>
<item name="ADDRBRDADDR4" rev="135">
<attrib name="value" value="1"/></item>
<item name="ADDRBRDADDR5" rev="135">
<attrib name="value" value="1"/></item>
<item name="ADDRBRDADDR6" rev="135">
<attrib name="value" value="1"/></item>
<item name="ADDRBRDADDR7" rev="135">
<attrib name="value" value="1"/></item>
<item name="ADDRBRDADDR8" rev="135">
<attrib name="value" value="1"/></item>
<item name="ADDRBRDADDR9" rev="135">
<attrib name="value" value="1"/></item>
<item name="CLKAWRCLK" rev="135">
<attrib name="value" value="1"/></item>
<item name="CLKBRDCLK" rev="135">
<attrib name="value" value="1"/></item>
<item name="DIADI0" rev="135">
<attrib name="value" value="1"/></item>
<item name="DIADI1" rev="135">
<attrib name="value" value="1"/></item>
<item name="DIADI10" rev="135">
<attrib name="value" value="1"/></item>
<item name="DIADI11" rev="135">
<attrib name="value" value="1"/></item>
<item name="DIADI12" rev="135">
<attrib name="value" value="1"/></item>
<item name="DIADI13" rev="135">
<attrib name="value" value="1"/></item>
<item name="DIADI14" rev="135">
<attrib name="value" value="1"/></item>
<item name="DIADI15" rev="135">
<attrib name="value" value="1"/></item>
<item name="DIADI2" rev="135">
<attrib name="value" value="1"/></item>
<item name="DIADI3" rev="135">
<attrib name="value" value="1"/></item>
<item name="DIADI4" rev="135">
<attrib name="value" value="1"/></item>
<item name="DIADI5" rev="135">
<attrib name="value" value="1"/></item>
<item name="DIADI6" rev="135">
<attrib name="value" value="1"/></item>
<item name="DIADI7" rev="135">
<attrib name="value" value="1"/></item>
<item name="DIADI8" rev="135">
<attrib name="value" value="1"/></item>
<item name="DIADI9" rev="135">
<attrib name="value" value="1"/></item>
<item name="DIBDI0" rev="135">
<attrib name="value" value="1"/></item>
<item name="DIBDI1" rev="135">
<attrib name="value" value="1"/></item>
<item name="DIBDI10" rev="135">
<attrib name="value" value="1"/></item>
<item name="DIBDI11" rev="135">
<attrib name="value" value="1"/></item>
<item name="DIBDI12" rev="135">
<attrib name="value" value="1"/></item>
<item name="DIBDI13" rev="135">
<attrib name="value" value="1"/></item>
<item name="DIBDI14" rev="135">
<attrib name="value" value="1"/></item>
<item name="DIBDI15" rev="135">
<attrib name="value" value="1"/></item>
<item name="DIBDI2" rev="135">
<attrib name="value" value="1"/></item>
<item name="DIBDI3" rev="135">
<attrib name="value" value="1"/></item>
<item name="DIBDI4" rev="135">
<attrib name="value" value="1"/></item>
<item name="DIBDI5" rev="135">
<attrib name="value" value="1"/></item>
<item name="DIBDI6" rev="135">
<attrib name="value" value="1"/></item>
<item name="DIBDI7" rev="135">
<attrib name="value" value="1"/></item>
<item name="DIBDI8" rev="135">
<attrib name="value" value="1"/></item>
<item name="DIBDI9" rev="135">
<attrib name="value" value="1"/></item>
<item name="DIPADIP0" rev="135">
<attrib name="value" value="1"/></item>
<item name="DIPADIP1" rev="135">
<attrib name="value" value="1"/></item>
<item name="DIPBDIP0" rev="135">
<attrib name="value" value="1"/></item>
<item name="DIPBDIP1" rev="135">
<attrib name="value" value="1"/></item>
<item name="DOADO0" rev="135">
<attrib name="value" value="1"/></item>
<item name="ENAWREN" rev="135">
<attrib name="value" value="1"/></item>
<item name="ENBRDEN" rev="135">
<attrib name="value" value="1"/></item>
<item name="REGCEA" rev="135">
<attrib name="value" value="1"/></item>
<item name="REGCEBREGCE" rev="135">
<attrib name="value" value="1"/></item>
<item name="RSTA" rev="135">
<attrib name="value" value="1"/></item>
<item name="RSTBRST" rev="135">
<attrib name="value" value="1"/></item>
<item name="WEAWEL0" rev="135">
<attrib name="value" value="1"/></item>
<item name="WEAWEL1" rev="135">
<attrib name="value" value="1"/></item>
<item name="WEBWEU0" rev="135">
<attrib name="value" value="1"/></item>
<item name="WEBWEU1" rev="135">
<attrib name="value" value="1"/></item>
</group>
</ReportPinData>
<CmdHistory>
</CmdHistory>
</DeviceUsageSummary>
